autopay_flag,n,events,event_rate,median_survival_months,top_drops
0,3969,1379,0.3474426807760141,62.0,1m:8.82%; 2m:2.58%
1,3063,490,0.15997388181521385,,70m:1.20%; 66m:1.01%
