senior_citizen_flag,n,events,event_rate,median_survival_months,top_drops
1,1142,476,0.4168126094570928,65.0,1m:6.48%; 2m:2.66%
0,5890,1393,0.2365025466893039,,1m:5.20%; 2m:1.64%
