group_a,group_b,test_statistic,p_value_holm,-log2(p)
0,1,109.48969338813714,1.267619206667109e-25,82.70608094781083
