group_a,group_b,test_statistic,p_value_holm,-log2(p)
DSL,Fiber optic,227.17497283653987,2.462919012593245e-51,168.117963650335
DSL,No,80.31789023945669,3.187698602597655e-19,61.44411857412542
Fiber optic,No,374.15743455895733,2.328119157581472e-83,274.5008669756297
