group_a,group_b,test_statistic,p_value_holm,-log2(p)
0,1,624.4953331283322,7.871259245206642e-138,455.44948263769544
